;d.nom_localidade_fam;RT_01;RT_04;RT_05;CH_02;CH_03;CH_05;CH_06;CH_07;CH_08;IU_01;IU_02;RT_H;CH_H;IU_H;IVS_H;classificacao
1;CHACARA LUZITANA;0.5909090909090909;0.9285714285714286;0.0;;;0.21739130434782608;0.20588235294117646;0.4;;0.08;0.0;0.5064935064935066;0.2744245524296675;0.04;0.3390505198126682;Medio
2;CHACARAS REYMAR;0.7692307692307693;;;;;0.0;0.0;;;0.1;0.0;0.7692307692307693;0.0;0.05;0.33826923076923077;Medio
3;CHACARAS PLANALTO;0.7083333333333334;;;;;0.09090909090909091;0.058823529411764705;;;0.0;0.0;0.7083333333333334;0.0748663101604278;0.0;0.336027183600713;Medio
4;CHACARAS ASSAY;0.7142857142857143;1.0;0.0;0.9090909090909091;0.0;0.05555555555555555;0.07692307692307693;0.15384615384615385;0.05263157894736842;0.0;0.0;0.5714285714285715;0.20800787906051063;0.0;0.33307759491970024;Medio
5;JARDIM NOVA HORTOLANDIA I;0.7983193277310925;1.0;0.0;0.5238095238095238;0.0;0.14634146341463414;0.07462686567164178;0.1346153846153846;0.0;0.024390243902439025;0.0;0.5994397759103641;0.14656553958519739;0.012195121951219513;0.32114589855992237;Medio
6;JARDIM SANTA CLARA DO LAGO II;0.6923076923076923;1.0;0.0;0.6;0.0;0.10204081632653061;0.14102564102564102;0.10256410256410256;0.17647058823529413;0.0;0.0;0.5641025641025641;0.18701685802526136;0.0;0.3211111829347123;Medio
7;JARDIM SANTA FE;0.720173535791757;0.9024390243902439;0.0;0.5957446808510638;0.0;0.10526315789473684;0.10410094637223975;0.1597222222222222;0.056338028169014086;0.09947643979057591;0.005235602094240838;0.5408708533940003;0.1701948392515461;0.05235602094240838;0.31190970258643075;Medio
8;JARDIM PRIMAVERA;0.7689562890276539;0.82;0.0;0.5564516129032258;0.004219409282700422;0.1507177033492823;0.1368421052631579;0.21052631578947367;0.12396694214876033;0.0117096018735363;0.00468384074941452;0.5296520963425513;0.19712068145610007;0.00819672131147541;0.31177059583558037;Medio
9;JARDIM BOA ESPERANCA;0.7355694227769111;0.874251497005988;0.0;0.5589225589225589;0.011320754716981131;0.1279527559055118;0.1180195739781232;0.18742442563482467;0.10232558139534884;0.03696498054474708;0.009727626459143969;0.5366069732609664;0.1843276084255581;0.023346303501945526;0.31166053956624173;Medio
10;JARDIM LARANJEIRAS;0.7246376811594203;1.0;0.0;;0.0;0.30434782608695654;0.10638297872340426;0.22727272727272727;0.09090909090909091;0.041666666666666664;0.0;0.5748792270531401;0.1457825245984358;0.020833333333333332;0.3115517279641933;Medio
11;LOTEAMENTO RECANTO DO SOL;0.7739130434782608;0.8333333333333334;0.0;0.5909090909090909;0.0;0.11627906976744186;0.11320754716981132;0.09859154929577464;0.12195121951219512;0.06896551724137931;0.022988505747126436;0.5357487922705314;0.17348974610905232;0.04597701149425287;0.3101342257662684;Medio
12;RESIDENCIAL RECANTO DO SOL;0.7113095238095238;0.918918918918919;0.0;0.5333333333333333;0.014705882352941176;0.07633587786259542;0.09865470852017937;0.21238938053097345;0.05454545454545454;0.05223880597014925;0.029850746268656716;0.5434094809094809;0.16499410619091287;0.041044776119402986;0.30912031780917065;Medio
13;JARDIM DAS FIGUEIRAS II;0.7720588235294118;0.9090909090909091;0.0;0.5714285714285714;0.034482758620689655;0.08;0.023255813953488372;0.06;0.2;0.0;0.0;0.5603832442067737;0.16152785733379157;0.0;0.3088064950891051;Medio
14;PARQUE TERRAS DE SANTA MARIA;0.6666666666666666;0.9333333333333333;0.0;0.7;0.0;0.08064516129032258;0.05825242718446602;0.1774193548387097;0.11764705882352941;0.0;0.0;0.5333333333333333;0.18899400035617128;0.0;0.3087108134829253;Medio
15;JARDIM AMANDA II;0.7113857016769638;0.9513513513513514;0.0;0.5408805031446541;0.020833333333333332;0.06540084388185655;0.0959079283887468;0.1168091168091168;0.13815789473684212;0.0041928721174004195;0.0;0.5542456843427718;0.16299827004909162;0.0020964360587002098;0.30709938309681534;Medio
16;JARDIM BRASIL;0.7424;0.8793103448275862;0.0;0.5416666666666666;0.007575757575757576;0.09615384615384616;0.1377672209026128;0.10294117647058823;0.1619047619047619;0.007547169811320755;0.0;0.5405701149425287;0.17466823827903888;0.0037735849056603774;0.3063718472383328;Medio
17;CHACARAS FAZENDA COELHO;0.7636363636363637;0.9285714285714286;0.0;0.4444444444444444;0.0;0.07142857142857142;0.08695652173913043;0.0;0.3076923076923077;0.0;0.0;0.564069264069264;0.15175364088407564;0.0;0.3062863127210953;Medio
18;JARDIM NOVA HORTOLANDIA II;0.7378640776699029;0.9375;0.0;0.3076923076923077;0.0;0.1282051282051282;0.13043478260869565;0.20588235294117646;0.1111111111111111;0.05128205128205128;0.0;0.5584546925566344;0.14722094709306988;0.02564102564102564;0.30581446942459595;Medio
19;MONTE SINAI;0.6902173913043478;0.6363636363636364;0.0;0.9230769230769231;0.0;0.0821917808219178;0.12605042016806722;0.16923076923076924;0.10526315789473684;0.21621621621621623;0.0;0.44219367588932806;0.23430217519873575;0.10810810810810811;0.3047664104320963;Medio
20;PARQUE PERON;0.72;0.9;0.0;0.5384615384615384;0.0;0.1;0.09125475285171103;0.10714285714285714;0.1590909090909091;0.03125;0.0;0.54;0.16599167625783592;0.015625;0.3042602540282911;Medio
21;JD AMANDA;0.5416666666666666;;;;;0.16666666666666666;0.13333333333333333;;;0.08333333333333333;0.0;0.5416666666666666;0.15;0.041666666666666664;0.30216666666666664;Medio
22;JARDIM MINDA;0.6951456310679611;0.9375;0.0;0.5462962962962963;0.02390438247011952;0.09022556390977443;0.08494783904619971;0.116991643454039;0.09615384615384616;0.00997506234413965;0.0;0.5442152103559871;0.15975326188837918;0.004987531172069825;0.30185704012200415;Medio
23;JARDIM ROSOLEN;0.6082474226804123;1.0;0.0;0.5;0.0;0.07228915662650602;0.07246376811594203;0.14285714285714285;0.21739130434782608;0.012048192771084338;0.0;0.5360824742268041;0.16750022865790284;0.006024096385542169;0.3017691744116763;Medio
24;JARDIM AMANDA 1;0.747051114023591;0.8837209302325582;0.0;0.5544554455445545;0.00625;0.07308970099667775;0.09362549800796813;0.0842911877394636;0.14516129032258066;0.006578947368421052;0.0;0.5435906814187165;0.1594788537685408;0.003289473684210526;0.3012185326454668;Medio
25;JARDIM NOVA EUROPA;0.686818632309217;0.8744939271255061;0.0;0.6948356807511737;0.012755102040816327;0.07891491985203453;0.08846426043878274;0.10743801652892562;0.11598746081504702;0.003658536585365854;0.0;0.5204375198115744;0.18306590673779666;0.001829268292682927;0.300950204592754;Medio
26;JARDIM MONTE SINAI;0.8086330935251799;0.7555555555555555;0.0;0.5673076923076923;0.0;0.1111111111111111;0.09330143540669857;0.10469314079422383;0.1415929203539823;0.057034220532319393;0.0;0.5213962163602451;0.16966771666228472;0.028517110266159697;0.2997383805729889;Baixo
27;JARDIM SAO JORGE;0.659877800407332;0.9259259259259259;0.0;0.6181818181818182;0.010638297872340425;0.10606060606060606;0.08333333333333333;0.1342281879194631;0.0546875;0.005;0.0025;0.528601242111086;0.16785495722792687;0.00375;0.2983601161434963;Baixo
28;PARQUE MARIA DE LOURDES;0.6052631578947368;0.9130434782608695;0.0;0.5384615384615384;0.0;0.07575757575757576;0.10714285714285714;0.275;0.15;0.0;0.0;0.5061022120518688;0.19106032856032854;0.0;0.29786928917764155;Baixo
29;JARDIM NOVO HORIZONTE;0.7441860465116279;0.8070175438596491;0.0;0.5641025641025641;0.0;0.09615384615384616;0.11895910780669144;0.16101694915254236;0.125;0.0125;0.0;0.5170678634570923;0.17753874453594068;0.00625;0.2978429539916448;Baixo
30;PARQUE ORESTES ONGARO;0.7391975308641975;0.891566265060241;0.0;0.56;0.008;0.07114624505928854;0.08258928571428571;0.105;0.08080808080808081;0.0038910505836575876;0.0;0.5435879319748128;0.15125726859694252;0.0019455252918287938;0.2975626923536597;Baixo
31;JARDIM BOA VISTA;0.69375;0.9210526315789473;0.0;0.5;0.0;0.0547945205479452;0.144;0.17142857142857143;0.0;0.06666666666666667;0.0;0.5382675438596491;0.1450371819960861;0.03333333333333333;0.2973706602980053;Baixo
32;SANTA EMILIA;0.6230769230769231;0.9782608695652174;0.0;0.6111111111111112;0.0;0.05405405405405406;0.06382978723404255;0.09722222222222222;0.14285714285714285;0.0;0.0;0.5337792642140468;0.1615123862464288;0.0;0.2973602858355402;Baixo
33;JARDIM VILLAGIO GHIRALDELLI;0.6267605633802817;1.0;0.0;0.6111111111111112;0.0;0.03571428571428571;0.08;0.047619047619047616;0.09523809523809523;0.017241379310344827;0.0;0.5422535211267606;0.14494708994708996;0.008620689655172414;0.29533989531056076;Baixo
34;JARDIM SANTA EMILIA;0.6530612244897959;1.0;0.0;0.5833333333333334;0.0;0.045454545454545456;0.10476190476190476;0.047619047619047616;0.047619047619047616;0.0;0.0;0.5510204081632653;0.13813131313131313;0.0;0.29495392702535556;Baixo
35;CHACARA REYMAR;0.7371428571428571;0.88;0.0;0.4375;0.02631578947368421;0.056338028169014086;0.12396694214876033;0.07407407407407407;0.13043478260869565;0.04225352112676056;0.0;0.539047619047619;0.1414382694123714;0.02112676056338028;0.2943635634281792;Baixo
36;JARDIM NOSSA SENHORA AUXILIADORA;0.6517168885774351;0.9012875536480687;0.0;0.5217391304347826;0.0072992700729927005;0.08717948717948718;0.09778225806451613;0.15632183908045977;0.12440191387559808;0.02533783783783784;0.0;0.5176681474085013;0.16578731645130607;0.01266891891891892;0.2941283141330419;Baixo
37;JARDIM ADELAIDE;0.6363636363636364;0.9430604982206405;0.0;0.4222222222222222;0.004166666666666667;0.07017543859649122;0.056622851365015166;0.15466666666666667;0.07881773399014778;0.1617391304347826;0.0;0.5264747115280923;0.1311119299178683;0.0808695652173913;0.29358157130519313;Baixo
38;RECANTO DO SOL;0.668918918918919;0.7567567567567568;0.0;0.5862068965517241;0.0;0.14634146341463414;0.07352941176470588;0.2717391304347826;0.11363636363636363;0.05555555555555555;0.015873015873015872;0.4752252252252253;0.1985755443003684;0.03571428571428571;0.2931057183101444;Baixo
39;JARDIM AMANDA 2;0.7126245847176079;0.8253012048192772;0.0;0.5793103448275863;0.00411522633744856;0.08757637474541752;0.10784313725490197;0.12886597938144329;0.1069182389937107;0.006060606060606061;0.0;0.5126419298456284;0.16910488359008471;0.0030303030303030303;0.29191462639600124;Baixo
40;PARQUE GABRIEL;0.6475;0.9206349206349206;0.0;0.5294117647058824;0.028985507246376812;0.08333333333333333;0.06397306397306397;0.1262135922330097;0.07936507936507936;0.02531645569620253;0.006329113924050633;0.5227116402116402;0.15188039014279095;0.015822784810126583;0.29092918687249647;Baixo
41;JARDIM SANTA ESMERALDA;0.6530373831775701;0.9407894736842105;0.0;0.5222222222222223;0.006211180124223602;0.057692307692307696;0.0743801652892562;0.09163346613545817;0.12295081967213115;0.00821917808219178;0.0;0.5312756189539268;0.14584836018926653;0.00410958904109589;0.2903212657858449;Baixo
42;JARDIM NOVO ANGULO;0.7038297872340425;0.8772563176895307;0.0;0.4678111587982833;0.006396588486140725;0.10388247639034627;0.0703883495145631;0.1623931623931624;0.07582938388625593;0.014568158168574402;0.001040582726326743;0.5270287016411911;0.1477835199114586;0.007804370447450573;0.28986207563564237;Baixo
43;JARDIM NOVA HORTOLANDIA;0.6819824470831182;0.8739495798319328;0.0;0.5523809523809524;0.010050251256281407;0.0903387703889586;0.07674943566591422;0.10526315789473684;0.07947019867549669;0.028500619578686492;0.0024783147459727386;0.5186440089716836;0.15237546104372338;0.015489467162329615;0.2893380375705372;Baixo
44;JARDIM NOVO ESTRELA;0.6706281833616299;0.8775510204081632;0.0;0.5;0.018018018018018018;0.07929515418502203;0.12962962962962962;0.10828025477707007;0.104;0.02145922746781116;0.0;0.516059734589931;0.1565371761016233;0.01072961373390558;0.28926074189643797;Baixo
45;JARDIM RICARDO;0.6305732484076433;0.8947368421052632;0.0;0.5625;0.0;0.07575757575757576;0.06140350877192982;0.20930232558139536;0.1;0.0;0.0;0.5084366968376355;0.16816056835181684;0.0;0.2892552183479463;Baixo
46;PARQUE DO HORTO;0.640597539543058;0.903954802259887;0.0;0.5;0.017391304347826087;0.09247311827956989;0.07922077922077922;0.14130434782608695;0.10204081632653061;0.02754237288135593;0.00211864406779661;0.5148507806009817;0.1554050610001321;0.014830508474576272;0.28888053754966403;Baixo
47;JARDIM NOVA AMERICA;0.6806903991370011;0.8955223880597015;0.0;0.5652173913043478;0.022922636103151862;0.06578947368421052;0.06548536209553159;0.08273381294964029;0.08833922261484099;0.006493506493506494;0.0012987012987012987;0.5254042623989009;0.14841464979195382;0.0038961038961038965;0.2888424013285636;Baixo
48;VILA REAL;0.6296296296296297;0.8983957219251337;0.0;0.5949367088607594;0.0055248618784530384;0.0673854447439353;0.0729483282674772;0.09230769230769231;0.13445378151260504;0.0106951871657754;0.00267379679144385;0.5093417838515878;0.16125946959515372;0.0066844919786096255;0.2877486180829387;Baixo
49;VILA SAO PEDRO;0.683068017366136;0.9166666666666666;0.0;0.5;0.02666666666666667;0.06896551724137931;0.09090909090909091;0.05963302752293578;0.07627118644067797;0.0076045627376425855;0.0;0.5332448946776008;0.13707424813012511;0.0038022813688212928;0.2874368311313441;Baixo
50;JARDIM DO LAGO;0.5851851851851851;0.9574468085106383;0.0;0.5517241379310345;0.0;0.0673076923076923;0.06878306878306878;0.16049382716049382;0.05128205128205128;0.0380952380952381;0.0;0.5142106645652745;0.1499317962440568;0.01904761904761905;0.28693908304271476;Baixo
51;JARDIM SAO PEDRO;0.6666666666666666;0.95;0.0;0.4117647058823529;0.0;0.10344827586206896;0.0821917808219178;0.14925373134328357;0.03571428571428571;0.0;0.0;0.5388888888888889;0.1303954632706515;0.0;0.2864883167958958;Baixo
52;JARDIM AMANDA I;0.6784037558685446;0.9193548387096774;0.0;0.4722222222222222;0.0;0.07471264367816093;0.059931506849315065;0.1044776119402985;0.09243697478991597;0.002857142857142857;0.0;0.5325861981927407;0.1339634932466521;0.0014285714285714286;0.28549101810075805;Baixo
53;VILA REAL CONTINUACAO;0.6220408163265306;0.9153846153846154;0.0026954177897574125;0.5727272727272728;0.0049504950495049506;0.04672897196261682;0.10514786418400876;0.08012820512820513;0.10227272727272728;0.011049723756906077;0.0;0.5133736165003011;0.1519925893873893;0.0055248618784530384;0.28541627191960095;Baixo
54;JARDIM SAO BENTO;0.6214355948869223;0.9203980099502488;0.0;0.5344827586206896;0.0;0.0502283105022831;0.10040705563093623;0.075;0.12949640287769784;0.013605442176870748;0.0022675736961451248;0.5139445349457237;0.1482690879386011;0.007936507936507936;0.2844596431513498;Baixo
55;VILA DA CONQUISTA;0.6657608695652174;0.9047619047619048;0.0;0.4827586206896552;0.0;0.07792207792207792;0.09712230215827339;0.1111111111111111;0.05263157894736842;0.01948051948051948;0.0;0.523507591442374;0.13692428180474767;0.00974025974025974;0.28407750163925377;Baixo
56;NOVA HORTOLANDIA;0.6482084690553745;0.9117647058823529;0.0;0.5294117647058824;0.017543859649122806;0.07272727272727272;0.06481481481481481;0.10989010989010989;0.0392156862745098;0.017699115044247787;0.0;0.5199910583125759;0.13893391801028537;0.008849557522123894;0.28327583426704606;Baixo
57;JARDIM SANTIAGO;0.6446700507614214;0.8316831683168316;0.0;0.532258064516129;0.008547008547008548;0.08171206225680934;0.10922330097087378;0.13966480446927373;0.1375;0.011538461538461539;0.0;0.49211773969275097;0.16815087346001575;0.0057692307692307696;0.2830993795364741;Baixo
58;LOTEAMENTO NOVO ANGULO;0.4915254237288136;1.0;0.0;;0.0;0.23076923076923078;0.11627906976744186;0.3125;;0.0;0.0;0.4971751412429379;0.16488707513416817;0.0;0.2830378822908139;Baixo
59;JARDIM AMANDA;0.6336206896551724;0.8903326403326404;0.0;0.5358361774744027;0.011152416356877323;0.06978383458646617;0.10300832661831856;0.111151339608979;0.07765023632680622;0.009017341040462428;0.00023121387283236994;0.507984443329271;0.15143038849530835;0.004624277456647399;0.2827277154181131;Baixo
60;PARQUE SANTO ANDRE;0.5577464788732395;0.9259259259259259;0.0;0.72;0.018518518518518517;0.027210884353741496;0.09420289855072464;0.0;0.12903225806451613;0.006622516556291391;0.0;0.49455746826638847;0.16482742658125013;0.0033112582781456954;0.28238391926039397;Baixo
61;JARDIM SANTA CLARA DO LAGO I;0.5520833333333334;1.0;0.0;0.5416666666666666;0.02702702702702703;0.013157894736842105;0.11450381679389313;0.03278688524590164;0.125;0.0;0.0;0.5173611111111112;0.14235704841172178;0.0;0.28225523811070097;Baixo
62;JARDIM INTERLAGOS;0.6775067750677507;0.9186046511627907;0.0;0.5142857142857142;0.0;0.05860805860805861;0.045714285714285714;0.046948356807511735;0.08527131782945736;0.0;0.0;0.5320371420768472;0.12513795554083795;0.0;0.28133391242019623;Baixo
63;JARDIM CONCEICAO;0.6296296296296297;0.8761904761904762;0.0;0.6;0.011764705882352941;0.04603580562659847;0.07232704402515723;0.08627450980392157;0.10655737704918032;0.005063291139240506;0.0;0.5019400352733686;0.15382657373120176;0.002531645569620253;0.2808211229700963;Baixo
64;JARDIM CAMPOS VERDES;0.5652951699463328;0.9346153846153846;0.0;0.6091954022988506;0.015384615384615385;0.0389344262295082;0.07535885167464115;0.07092198581560284;0.12686567164179105;0.002028397565922921;0.0;0.49997018485390576;0.15611015884083487;0.0010141987829614604;0.28070557601777435;Baixo
65;PARQUE ORESTE ONGARO;0.7106227106227107;0.8378378378378378;0.0;0.5227272727272727;0.021052631578947368;0.07075471698113207;0.10073710073710074;0.03597122302158273;0.07216494845360824;0.014018691588785047;0.0;0.5161535161535161;0.1372346489166073;0.007009345794392523;0.28063596636014587;Baixo
66;JARDIM ALINE;0.664179104477612;0.8979591836734694;0.0;0.3541666666666667;0.0;0.0755813953488372;0.13138686131386862;0.1015625;0.13793103448275862;0.0;0.0;0.520712762717027;0.13343807630202187;0.0;0.2799504800151708;Baixo
67;SANTA ESMERALDA;0.7936507936507936;1.0;0.0;;0.0;0.038461538461538464;0.11627906976744186;0.05;;0.0;0.0;0.5978835978835978;0.05118515205724508;0.0;0.27858771095399;Baixo
68;JARDIM DAS COLINAS;0.6632124352331606;0.8484848484848485;0.0;0.45;0.10256410256410256;0.0625;0.08208955223880597;0.06779661016949153;0.09523809523809523;0.012345679012345678;0.0;0.5038990945726697;0.14336472670174924;0.006172839506172839;0.27781572180690856;Baixo
69;JARDIM SAO CAMILO;0.6356589147286822;0.9333333333333333;0.0;0.5277777777777778;0.0;0.02727272727272727;0.059880239520958084;0.03296703296703297;0.09375;0.009009009009009009;0.0;0.5229974160206718;0.12360796292308268;0.0045045045045045045;0.27747990899225927;Baixo
70;PARQUE ORTOLANDIA;0.5448979591836735;0.9224806201550387;0.0;0.5882352941176471;0.03225806451612903;0.035555555555555556;0.050761421319796954;0.15625;0.0875;0.004219409282700422;0.0;0.48912619311290406;0.15842672258485477;0.002109704641350211;0.2771799422203903;Baixo
71;JARDIM NOVO CAMBUI;0.6572008113590264;0.875;0.0;0.6274509803921569;0.020618556701030927;0.03389830508474576;0.05507246376811594;0.033783783783783786;0.0379746835443038;0.0;0.0;0.5107336037863421;0.13479979554568952;0.0;0.2762313637573167;Baixo
72;NUCLEO RESIDENCIAL FURLAN;0.84375;;0.0;;0.0;0.2;0.11904761904761904;0.4090909090909091;;0.24;0.0;0.421875;0.18203463203463205;0.12;0.27586079545454545;Baixo
73;VILA INEMA;0.6528189910979229;0.8952380952380953;0.0;0.4864864864864865;0.015267175572519083;0.028368794326241134;0.0511727078891258;0.06341463414634146;0.10891089108910891;0.006993006993006993;0.0;0.5160190287786727;0.12560344825163713;0.0034965034965034965;0.2751661061649924;Baixo
74;PARQUE ODIMAR;0.648854961832061;0.9230769230769231;0.0;0.4;0.0;0.057692307692307696;0.1188118811881188;0.0;0.125;0.0;0.0;0.5239772949696614;0.11691736481340442;0.0;0.27441553005858427;Baixo
75;VILA GUEDES;0.7125;0.7962962962962963;0.0;0.46938775510204084;0.0;0.07142857142857142;0.08214285714285714;0.075;0.11290322580645161;0.011764705882352941;0.0;0.5029320987654321;0.13514373491332018;0.0058823529411764705;0.2739035240739067;Baixo
76;NOVO ANGULO;0.6685446009389672;0.8571428571428571;0.0;0.4727272727272727;0.0;0.09330143540669857;0.059782608695652176;0.1094224924012158;0.02857142857142857;0.018867924528301886;0.0;0.5085624860272747;0.12730087296704465;0.009433962264150943;0.27356332997750954;Baixo
77;JARDIM SUMAREZINHO;0.6108007448789572;0.8738738738738738;0.0;0.5087719298245614;0.005649717514124294;0.046413502109704644;0.06768837803320563;0.06529209621993128;0.12962962962962962;0.0397489539748954;0.0;0.494891539584277;0.1372408755551928;0.0198744769874477;0.27342570130253724;Baixo
78;JARDIM EVEREST;0.5517241379310345;0.9393939393939394;0.0;0.5;0.02702702702702703;0.03875968992248062;0.09282700421940929;0.1509433962264151;0.04081632653061224;0.0;0.0;0.49703935910832464;0.1417289073209907;0.0;0.27325306549139566;Baixo
79;NOVA AMERICA;0.6081081081081081;0.8666666666666667;0.0;0.5;0.05405405405405406;0.06976744186046512;0.04516129032258064;0.1044776119402985;0.10344827586206896;0.0;0.0;0.4915915915915916;0.14615144567324453;0.0;0.2727679915671471;Baixo
80;JARDIM CARMEN CRISTINA;0.67;0.9375;0.0;0.3076923076923077;0.0;0.06818181818181818;0.10144927536231885;0.06451612903225806;0.0625;0.0;0.0;0.5358333333333333;0.1007232550447838;0.0;0.2727121004521425;Baixo
81;JARDIM MIRANTE DE SUMARE;0.5517241379310345;0.9298245614035088;0.0;0.65;0.0;0.038834951456310676;0.04819277108433735;0.06060606060606061;0.06451612903225806;0.0;0.0;0.49384956644484773;0.14369165202982778;0.0;0.2727058074238122;Baixo
82;JARDIM NOSSA SENHORA DA PENHA;0.5833333333333334;0.9583333333333334;0.0;0.42857142857142855;0.05263157894736842;0.0425531914893617;0.04;0.06060606060606061;0.07692307692307693;0.02127659574468085;0.0;0.513888888888889;0.1168808894228827;0.010638297872340425;0.27165794046068403;Baixo
83;JARDIM SANTA LUZIA;0.5581395348837209;0.84375;0.0;0.7;0.0;0.07017543859649122;0.08602150537634409;0.05555555555555555;0.07692307692307693;0.017543859649122806;0.0;0.46729651162790703;0.16477926274191132;0.008771929824561403;0.271460579825287;Baixo
84;CHACARA FAZENDA COELHO;0.6701030927835051;0.9166666666666666;0.0;0.5;0.0;0.03409090909090909;0.058394160583941604;0.0;0.03571428571428571;0.0;0.0;0.5289232531500573;0.10469989256485607;0.0;0.27141095373176416;Baixo
85;JARDIM DO BOSQUE;0.5457627118644067;0.8936170212765957;0.0;0.5882352941176471;0.0392156862745098;0.064;0.047619047619047616;0.09411764705882353;0.08108108108108109;0.007936507936507936;0.0;0.4797932443803341;0.15237812602518486;0.003968253968253968;0.2709051461093594;Baixo
86;ADVENTISTA CAMPINEIRO;0.6379310344827587;0.8571428571428571;0.0;0.6190476190476191;0.0;0.022222222222222223;0.04093567251461988;0.01639344262295082;0.07407407407407407;0.03296703296703297;0.0;0.4983579638752052;0.128778838413581;0.016483516483516484;0.2708535640725697;Baixo
87;LOTEAMENTO NOVA ALVORADA;0.5517241379310345;0.9090909090909091;0.0;0.5714285714285714;0.03225806451612903;0.05405405405405406;0.04225352112676056;0.022222222222222223;0.125;0.02702702702702703;0.0;0.4869383490073145;0.14120273889128956;0.013513513513513514;0.27071566743451386;Baixo
88;JARDIM AUXILIADORA;0.5573248407643312;0.9354838709677419;0.0;0.36363636363636365;0.0;0.05223880597014925;0.1013215859030837;0.10344827586206896;0.16666666666666666;0.021739130434782608;0.0;0.497602903910691;0.131218616339722;0.010869565217391304;0.2707115023268891;Baixo
89;JARDIM TERRAS DE SANTO ANTONIO;0.6007827788649707;0.9411764705882353;0.0;0.46808510638297873;0.0;0.041884816753926704;0.03504043126684636;0.04285714285714286;0.10126582278481013;0.0051813471502590676;0.0;0.513986416484402;0.11485555334095081;0.0025906735751295338;0.2696420925277616;Baixo
90;JARDIM SANTANA;0.5669515669515669;0.9154929577464789;0.0;0.6190476190476191;0.0;0.026490066225165563;0.07326007326007326;0.0641025641025641;0.01818181818181818;0.0;0.0;0.4941481748993486;0.1335136901362067;0.0;0.2685594650639267;Baixo
91;JARDIM DAS LARANJEIRAS;0.5777777777777777;0.8;0.0;0.7692307692307693;0.0;0.02702702702702703;0.06349206349206349;0.07407407407407407;0.06666666666666667;0.0;0.0;0.45925925925925926;0.16674843341510012;0.0;0.26751582351582354;Baixo
92;VILA AMERICA;0.5833333333333334;0.8333333333333334;0.0;0.5882352941176471;0.0;0.0684931506849315;0.08196721311475409;0.06521739130434782;0.08695652173913043;0.0136986301369863;0.0;0.47222222222222227;0.1484782618268018;0.00684931506849315;0.26644382278308626;Baixo
93;JARDIM CARMEM CRISTINA;0.6094420600858369;0.8833333333333333;0.0;0.4444444444444444;0.027777777777777776;0.030612244897959183;0.061452513966480445;0.05555555555555555;0.10714285714285714;0.02040816326530612;0.0;0.49759179780639;0.12116423229751243;0.01020408163265306;0.2663840628666009;Baixo
94;PARQUE SAO MIGUEL;0.5726872246696035;1.0;0.0;0.3333333333333333;0.0;0.056179775280898875;0.04819277108433735;0.04918032786885246;0.08;0.010869565217391304;0.0;0.5242290748898678;0.09448103459457032;0.005434782608695652;0.265915754123667;Baixo
95;PARQUE DOS PINHEIROS;0.5980707395498392;0.9051094890510949;0.0;0.37735849056603776;0.0;0.050980392156862744;0.0826271186440678;0.09333333333333334;0.10112359550561797;0.0038910505836575876;0.0;0.5010600762003113;0.11757048836765328;0.0019455252918287938;0.26512726667432257;Baixo
96;JARDIM SANTA RITA DE CASSIA;0.531390134529148;0.8888888888888888;0.0;0.5151515151515151;0.02564102564102564;0.0427807486631016;0.1253731343283582;0.05405405405405406;0.07042253521126761;0.031746031746031744;0.0;0.47342634113934556;0.13890383550822036;0.015873015873015872;0.2642938899843235;Baixo
97;LOTEAMENTO ADVENTISTA CAMPINEIRO;0.5327102803738317;1.0;0.0;0.3333333333333333;0.0;0.0625;0.08860759493670886;0.07142857142857142;0.0625;0.0;0.0;0.5109034267912772;0.10306158328310226;0.0;0.26297433849915214;Baixo
98;JARDIM NOSSA SENHORA DE FATIMA;0.5596816976127321;0.9285714285714286;0.0;0.42990654205607476;0.0;0.03578528827037773;0.06038647342995169;0.08250825082508251;0.08270676691729323;0.005870841487279843;0.0;0.4960843753947202;0.11521555358313;0.0029354207436399216;0.26214712703619025;Baixo
99;JARDIM SANTA IZABEL;0.5919854280510018;0.9044117647058824;0.0;0.4782608695652174;0.0;0.028;0.042352941176470586;0.06451612903225806;0.06060606060606061;0.003937007874015748;0.0;0.49879906425229475;0.11228933339666776;0.001968503937007874;0.2619403932456384;Baixo
100;JARDIM MALTA;0.64453125;0.8205128205128205;0.0;0.45454545454545453;0.0;0.07339449541284404;0.05056179775280899;0.1282051282051282;0.034482758620689655;0.0;0.0;0.4883480235042735;0.12353160575615424;0.0;0.26187292452442235;Baixo
101;JARDIM RESIDENCIAL FIRENZE;0.6737588652482269;0.9230769230769231;0.0;;0.0;0.04838709677419355;0.05504587155963303;0.1875;0.06451612903225806;0.03225806451612903;0.0;0.5322785961083834;0.07108981947321694;0.016129032258064516;0.2611568753440657;Baixo
102;JARDIM SAO SEBASTIAO;0.5672371638141809;0.9319148936170213;0.0;0.3893805309734513;0.004784688995215311;0.05220883534136546;0.057458563535911604;0.031055900621118012;0.07647058823529412;0.014;0.0;0.49971735247706733;0.10189318461705928;0.007;0.25872359910430387;Baixo
103;RESIDENCIAL FURLAN;0.7373737373737373;;0.0;0.7272727272727273;0.0;0.2;0.08064516129032258;0.2702702702702703;0.0;0.14285714285714285;0.0;0.3686868686868687;0.21303135980555332;0.07142857142857142;0.2587228103679716;Baixo
104;JARDIM SANTA CLARA DO LAGO;0.5004306632213609;0.9174603174603174;0.0;0.5131578947368421;0.010582010582010581;0.03838771593090211;0.0859375;0.07924528301886792;0.06153846153846154;0.0019011406844106464;0.0;0.4726303268938928;0.13147481096784738;0.0009505703422053232;0.25859304672220057;Baixo
105;RESIDENCIAL JOAO LUIZ;0.41361256544502617;1.0;0.0;0.46153846153846156;0.0;0.04597701149425287;0.08496732026143791;0.07894736842105263;0.08695652173913043;0.011363636363636364;0.0;0.4712041884816754;0.1263977805757226;0.005681818181818182;0.25655714161619664;Baixo
106;VILA SAO FRANCISCO;0.478494623655914;0.9142857142857143;0.0;0.5;0.0;0.037037037037037035;0.09774436090225563;0.09433962264150944;0.058823529411764705;0.012345679012345678;0.0;0.4642601126472094;0.1313240916654278;0.006172839506172839;0.25571389286370566;Baixo
107;CHACARA RECREIO ALVORADA;0.5945945945945946;0.9393939393939394;0.0;;0.0;0.10638297872340426;0.1;0.047619047619047616;0.13333333333333333;0.0425531914893617;0.0;0.5113295113295114;0.07746707193515705;0.02127659574468085;0.255599349446158;Baixo
108;JARDIM MIRANTE;0.6046511627906976;0.8571428571428571;0.0;;0.0;0.1111111111111111;0.10714285714285714;0.2;;0.0;0.0;0.4872646733111849;0.10456349206349207;0.0;0.25344047619047616;Baixo
109;SAO SEBASTIAO;0.5405405405405406;1.0;0.0;;0.0;0.08571428571428572;0.10526315789473684;0.11764705882352941;;0.0;0.0;0.5135135135135135;0.07715612560813799;0.0;0.2532163835662288;Baixo
110;JARDIM ESTEFANIA;0.6581196581196581;0.7647058823529411;0.0;;0.0;0.12244897959183673;0.125;0.1724137931034483;0.16666666666666666;0.0;0.0;0.47427518015753306;0.11730588787239034;0.0;0.25320680037414317;Baixo
111;JARDIM ROSOLEM;0.5329341317365269;0.9111111111111111;0.0;0.5882352941176471;0.0;0.0;0.05303030303030303;0.0;0.0;0.011494252873563218;0.0;0.481348414282546;0.10687759952465835;0.005747126436781609;0.2527304789073685;Baixo
112;PARQUE RESIDENCIAL MARIA DE LOURDES;0.47586206896551725;0.8888888888888888;0.0;0.5454545454545454;0.0;0.0;0.1;0.0;0.15;0.017543859649122806;0.0;0.45491698595146873;0.13257575757575757;0.008771929824561403;0.2526119116146339;Baixo
113;CONJUNTO HABITACIONAL JARDIM PRIMAVERA;0.8108108108108109;;0.0;0.46153846153846156;0.0;0.10714285714285714;0.18604651162790697;0.16129032258064516;;0.0;0.0;0.40540540540540543;0.18320363057797415;0.0;0.25126984916707346;Baixo
114;RESIDENCIAL RECANTO DE SOL;0.7027027027027027;;0.0;;;0.25;0.12;0.3333333333333333;;0.0;0.0;0.35135135135135137;0.23444444444444446;0.0;0.24954774774774774;Baixo
115;VILA REAL CONTINUCAO;0.5;;;;;0.0;0.15789473684210525;;;0.0;0.0;0.5;0.07894736842105263;0.0;0.2481578947368421;Baixo
116;JARDIM GIRASSOL;0.8115942028985508;;0.0;0.46153846153846156;0.0;0.12;0.0975609756097561;0.17857142857142858;;0.0;0.0;0.4057971014492754;0.17153417314392924;0.0;0.24653710634363868;Baixo
117;PARQUE RESIDENCIAL JOAO LUIZ;0.6323529411764706;1.0;0.0;;0.0;0.034482758620689655;0.09803921568627451;0.0;0.0;0.0;0.0;0.5441176470588235;0.026504394861392833;0.0;0.24510243407707907;Baixo
118;JARDIM DO BRAZ;0.7804878048780488;;0.0;;;0.1875;0.1111111111111111;0.21428571428571427;;0.0625;0.0;0.3902439024390244;0.17096560846560846;0.03125;0.24429793360433605;Baixo
119;JARDIM SAO FELIPE;0.717948717948718;;0.0;0.5;0.0;0.17391304347826086;0.13636363636363635;0.20588235294117646;;0.0;0.0;0.358974358974359;0.2032318065566147;0.0;0.23971633311275253;Baixo
120;REMANSO CAMPINEIRO;0.3885618166526493;0.9094827586206896;0.0;0.5;0.0;0.017543859649122806;0.05785123966942149;0.03619909502262444;0.13675213675213677;0.0072254335260115606;0.0;0.43268152509111296;0.12472438851555094;0.0036127167630057803;0.23897920648016086;Baixo
121;JARDIM GHIRALDELLI;0.5409836065573771;0.9655172413793104;0.0;;0.0;0.061224489795918366;0.07216494845360824;0.08;0.047619047619047616;0.0;0.0;0.5021669493122292;0.052201697173714846;0.0;0.23785650101721878;Baixo
122;JARDIM NOVA ESTRELA;0.7761194029850746;;0.0;;0.0;0.14814814814814814;0.20833333333333334;0.15789473684210525;0.23076923076923078;0.1111111111111111;0.0;0.3880597014925373;0.1490290898185635;0.05555555555555555;0.23779122269892106;Baixo
123;VILA IPE;0.5384615384615384;;;;;0.0;0.0;;;0.08333333333333333;0.0;0.5384615384615384;0.0;0.041666666666666664;0.23778846153846153;Baixo
124;VILA REAL SANTISTA;0.6231884057971014;0.85;0.0;;0.03225806451612903;0.03389830508474576;0.07920792079207921;0.13513513513513514;0.0;0.016666666666666666;0.0;0.4910628019323671;0.05609988510561783;0.008333333333333333;0.23596895657527736;Baixo
125;JARDIM DAS FLORES;0.7945945945945946;;0.0;0.5806451612903226;0.0;0.07575757575757576;0.0380952380952381;0.0875;0.14285714285714285;0.0;0.0;0.3972972972972973;0.15414251966671322;0.0;0.23557769609785736;Baixo
126;CHACARAS LUZITANA;0.5102040816326531;0.9130434782608695;0.0;;;0.0;0.20512820512820512;0.0;;0.0;0.0;0.47441585329784086;0.06837606837606837;0.0;0.23271676563602028;Baixo
127;JARDIM NOVA ALVORADA;0.7039473684210527;0.7692307692307693;0.0;;0.0;0.07272727272727272;0.038461538461538464;0.125;0.0;0.01818181818181818;0.0;0.49105937921727394;0.047237762237762236;0.00909090909090909;0.2323590295669243;Baixo
128;NUCLEO SANTA IZABEL;0.5159235668789809;0.8285714285714286;0.0;0.2631578947368421;0.0;0.056338028169014086;0.06896551724137931;0.04878048780487805;0.0;0.08450704225352113;0.0;0.44816499848346986;0.07287365465868559;0.04225352112676056;0.22965591247355407;Baixo
129;PARQUE HORTOLANDIA;0.336283185840708;0.9655172413793104;0.0;;;0.03225806451612903;0.09183673469387756;0.2;0.05263157894736842;0.0;0.0;0.4339334757400061;0.09418159453934376;0.0;0.226147664274727;Baixo
130;CHACARA NOVA BOA VISTA;0.6585365853658537;0.7777777777777778;0.0;;0.0;0.023809523809523808;0.06349206349206349;0.05263157894736842;0.09090909090909091;0.0;0.0;0.4787714543812105;0.046168451431609324;0.0;0.22526247498519641;Baixo
131;PARQUE BELLAVILLE;0.7619047619047619;;0.0;0.4;;0.06666666666666667;0.038461538461538464;0.0;;0.0;0.0;0.38095238095238093;0.12628205128205128;0.0;0.21684798534798533;Baixo
132;JARDIM RESIDENCIAL VECCON BURITI;0.8292682926829268;;0.0;;;0.0625;0.08;0.125;;0.0;0.0;0.4146341463414634;0.08916666666666667;0.0;0.21574268292682927;Baixo
133;JARDIM SANTA CLARA;0.7428571428571429;;0.0;;;0.06666666666666667;0.19047619047619047;0.14285714285714285;;0.0;0.0;0.37142857142857144;0.13333333333333333;0.0;0.21571428571428572;Baixo
134;CHACARA ASSAY;0.8611111111111112;;0.0;;0.0;0.1111111111111111;0.023809523809523808;0.06666666666666667;;0.07142857142857142;0.0;0.4305555555555556;0.0503968253968254;0.03571428571428571;0.21166269841269844;Baixo
135;PARQUE BELLA VILLE;0.9302325581395349;;0.0;;;0.0;0.08;0.0;;0.0;0.0;0.46511627906976744;0.02666666666666667;0.0;0.21119999999999997;Baixo
136;JARDIM SANTA CANDIDA;0.5189873417721519;0.8461538461538461;0.0;;0.047619047619047616;0.0;0.038461538461538464;0.0;0.09090909090909091;0.0;0.0;0.45504706264199934;0.0353979353979354;0.0;0.2105373698031926;Baixo
137;RESIDENCIAL ANAUA;0.6887417218543046;;0.0;0.5;0.02857142857142857;0.09615384615384616;0.044444444444444446;0.08196721311475409;0.05555555555555555;0.0;0.0;0.3443708609271523;0.13444874797333814;0.0;0.2045479443474775;Baixo
138;JARDIM SANTA AMELIA;0.4217687074829932;0.8913043478260869;0.0;;0.0;0.015384615384615385;0.08264462809917356;0.038461538461538464;0.05555555555555555;0.0;0.0;0.43769101843636005;0.03840926750017659;0.0;0.204339030277709;Baixo
139;RESIDENCIAL EUROPA;0.7692307692307693;;0.0;;;0.1;0.0625;0.1;;0.0;0.0;0.38461538461538464;0.08750000000000001;0.0;0.20213461538461538;Baixo
140;CHACARA ACARAI;0.42857142857142855;;;;;0.0;0.07692307692307693;;;0.0;0.0;0.42857142857142855;0.038461538461538464;0.0;0.20043956043956043;Baixo
141;CHACARA PLANALTO;0.7424242424242424;;0.0;;0.0;0.045454545454545456;0.18181818181818182;0.0;0.09090909090909091;0.13043478260869565;0.043478260869565216;0.3712121212121212;0.06363636363636364;0.08695652173913043;0.19939196310935442;Muito Baixo
142;JARDIM FIRENZE;0.75;;0.0;;;0.09090909090909091;0.0;0.16666666666666666;;0.0;0.0;0.375;0.08585858585858586;0.0;0.19731060606060608;Muito Baixo
143;LOTEAMENTO JARDIM DAS FLORES;0.78125;;0.0;;0.0;0.08333333333333333;0.0;0.15384615384615385;;0.0;0.0;0.390625;0.05929487179487179;0.0;0.19287259615384617;Muito Baixo
144;PARQUE TERRA DE SANTA MARIA;0.7974683544303798;;0.0;;0.0;0.11538461538461539;0.0784313725490196;0.0;;0.0;0.0;0.3987341772151899;0.04845399698340875;0.0;0.19180637493556332;Muito Baixo
145;JARDIM NOVO ESTRELA II;0.6790123456790124;;0.0;;0.0;0.12903225806451613;0.11290322580645161;0.15789473684210525;0.043478260869565216;0.03225806451612903;0.0;0.3395061728395062;0.08866169631652765;0.016129032258064516;0.18564492161263893;Muito Baixo
146;JARDIM STELLA;0.7142857142857143;;0.0;;;0.08333333333333333;0.038461538461538464;;;0.07692307692307693;0.0;0.35714285714285715;0.060897435897435896;0.038461538461538464;0.18491758241758244;Muito Baixo
147;JARDIM DAS FIGUEIRAS;0.6666666666666666;;0.0;0.2727272727272727;0.05555555555555555;0.045454545454545456;0.0;0.06896551724137931;;0.043478260869565216;0.0;0.3333333333333333;0.0885405781957506;0.021739130434782608;0.18378124574076596;Muito Baixo
148;JARDIM SANTO ANTONIO;0.5454545454545454;;0.0;;;0.07692307692307693;0.11764705882352941;0.25;;0.0;0.0;0.2727272727272727;0.14819004524886878;0.0;0.17951254627725216;Muito Baixo
149;JARDIM REMANSO CAMPINEIRO;0.39285714285714285;;;;;0.0;0.045454545454545456;;;0.0;0.0;0.39285714285714285;0.022727272727272728;0.0;0.17847402597402598;Muito Baixo
150;JARDIM DAS FIGUEIRAS 1;0.8076923076923077;;0.0;;;;0.0;0.0;;0.0;0.0;0.40384615384615385;0.0;0.0;0.17365384615384616;Muito Baixo
151;JARDIM DAS FIGUEIRAS I;0.6136363636363636;;0.0;0.3;0.0;0.03333333333333333;0.11475409836065574;0.0;0.0;0.0;0.0;0.3068181818181818;0.07468123861566485;0.0;0.1632979384003974;Muito Baixo
152;JARDIM SANTO ANDRE;0.6875;;0.0;;;0.0;0.09090909090909091;0.0;;0.0;0.0;0.34375;0.030303030303030304;0.0;0.1605397727272727;Muito Baixo
153;CHACARAS ACARAI;0.6;;0.0;;0.0;0.09090909090909091;0.06382978723404255;0.1111111111111111;0.0;0.09090909090909091;0.0;0.3;0.053169997850848916;0.045454545454545456;0.15814958091553835;Muito Baixo
154;CHACARAS FAZENDO COELHO;0.6451612903225806;;0.0;;;0.0;0.08695652173913043;;;0.0;0.0;0.3225806451612903;0.043478260869565216;0.0;0.15697054698457222;Muito Baixo
155;CHACARAS RECREIO 2000;0.07692307692307693;;;;;;0.2727272727272727;;;0.1;0.0;0.07692307692307693;0.2727272727272727;0.05;0.15512237762237763;Muito Baixo
156;JARDIM DAS FIGUEIRAS 2;0.6875;;0.0;;0.0;0.0625;0.0;0.0;;0.0;0.0;0.34375;0.015625;0.0;0.15437499999999998;Muito Baixo
157;NOVA EUROPA;0.5208333333333334;;0.0;;0.0;0.15789473684210525;0.05714285714285714;0.15384615384615385;;0.0;0.0;0.2604166666666667;0.09222093695777905;0.0;0.15071196018893387;Muito Baixo
158;JARDIM DAS PAINEIRAS;0.5681818181818182;;0.0;;;0.05555555555555555;0.0625;0.0;;0.05263157894736842;0.0;0.2840909090909091;0.03935185185185185;0.02631578947368421;0.14263423710792134;Muito Baixo
159;JARDIM NOSSA SENHORA DE LOURDES;0.5483870967741935;;0.0;;;0.0;0.08695652173913043;;;0.0;0.0;0.27419354838709675;0.043478260869565216;0.0;0.136164095371669;Muito Baixo
160;LOTEAMENTO REMANSO CAMPINEIRO;0.5641025641025641;;0.0;;;0.0;0.0;0.0;;0.0;0.0;0.28205128205128205;0.0;0.0;0.12128205128205127;Muito Baixo
161;JARDIM SAO BENEDITO;0.4888888888888889;;0.0;;;0.0;0.02857142857142857;0.0;;0.0;0.0;0.24444444444444444;0.009523809523809523;0.0;0.1091111111111111;Muito Baixo
162;VILA CONQUISTA;0.42857142857142855;;0.0;;;0.0;0.08;0.0;;0.0;0.0;0.21428571428571427;0.02666666666666667;0.0;0.10334285714285714;Muito Baixo
163;SANTA RITA DE CASSIA;0.3870967741935484;;0.0;;;0.0;0.0;;;0.0;0.0;0.1935483870967742;0.0;0.0;0.0832258064516129;Muito Baixo
164;5JARDIM AMANDA 1;;;;;;;;;;;;;;;;Sem dados
165;ADIVENTISTA CAMPINEIRO;;;;;;;;;;;;;;;;Sem dados
166;ADVENTISTA CAMP;;;;;;;;;;;;;;;;Sem dados
167;AMANDA;0.6;;;;;;;;;;;0.6;;;;Sem dados
168;AMANDA 1;;;;;;;;;;;;;;;;Sem dados
169;ARDIM AMANDA II;;;;;;;;;;;;;;;;Sem dados
170;ARDIM PRIMAVERA;;;;;;;;;;;;;;;;Sem dados
171;AUXILIADORA;;;;;;;;;;;;;;;;Sem dados
172;BELLA VILE;;;;;;;;;;;;;;;;Sem dados
173;BELLA VILLE HORTOLANDIA;;;;;;;;;;;;;;;;Sem dados
174;BOA ESPERANCA;0.4375;;;;;;0.0;;;;;0.4375;0.0;;;Sem dados
175;CAHCARA NOVA BOA VISTA;;;;;;;;;;;;;;;;Sem dados
176;CAMPOS VERDES;;;;;;;;;;;;;;;;Sem dados
177;CARMEM CRISTINA;;;;;;;;;;;;;;;;Sem dados
178;CARMEN CRISTINA;;;;;;;;;;;;;;;;Sem dados
179;CH N BOA VISTA;;;;;;;;;;;;;;;;Sem dados
180;CHACAHAS RECREIO ALVORADA;;;;;;;;;;;;;;;;Sem dados
181;CHACARA ACARAY;;;;;;;;;;;;;;;;Sem dados
182;CHACARA ALVORADA;;;;;;;;;;;;;;;;Sem dados
183;CHACARA BOA VISTA;;;;;;;;;;;;;;;;Sem dados
184;CHACARA COELHO;;;;;;;;;;;;;;;;Sem dados
185;CHACARA FAZENDAS COELHO;;;;;;;;;;;;;;;;Sem dados
186;CHACARA FAZENDO COELHO;;;;;;;;;;;;;;;;Sem dados
187;CHACARA GROTA AZUL;0.6666666666666666;;;;;;0.0;;;;;0.6666666666666666;0.0;;;Sem dados
188;CHACARA HAVAI;0.625;;;;;;0.2;;;;;0.625;0.2;;;Sem dados
189;CHACARA JARDIM BOA VISTA;;;;;;;;;;;;;;;;Sem dados
190;CHACARA NOVA ALVORADA;;;;;;;;;;;;;;;;Sem dados
191;CHACARA NOVA VISTA;;;;;;;;;;;;;;;;Sem dados
192;CHACARA RECANTO ALVORADA;;;;;;;;;;;;;;;;Sem dados
193;CHACARA RECHEIO ALVORADA;;;;;;;;;;;;;;;;Sem dados
194;CHACARA RECREIO;;;;;;;;;;;;;;;;Sem dados
195;CHACARA RECREIO 2000;1.0;;;;;;;;;;;1.0;;;;Sem dados
196;CHACARA RECREIO ALVIRADA;;;;;;;;;;;;;;;;Sem dados
197;CHACARA RECREIO DOIS MIL;;;;;;;;;;;;;;;;Sem dados
198;CHACARAS ACARAY;;;;;;;;;;;;;;;;Sem dados
199;CHACARAS ASSAHY;;;;;;;;;;;;;;;;Sem dados
200;CHACARAS DE RECREIO 2000;0.5;;;;;;0.0;;;;;0.5;0.0;;;Sem dados
201;CHACARAS GROTA AZUL;;;;;;;;;;;;;;;;Sem dados
202;CHACARAS HAVAI;0.5;;;;;;0.07692307692307693;;;;;0.5;0.07692307692307693;;;Sem dados
203;CHACARAS NOVA BOA VISTA;0.4;;;;;;0.09090909090909091;;;;;0.4;0.09090909090909091;;;Sem dados
204;CHACARAS PANAINO;;;;;;;;;;;;;;;;Sem dados
205;CHACARAS RECREIO ALVORADA;0.6666666666666666;;;;;;0.09090909090909091;;;;;0.6666666666666666;0.09090909090909091;;;Sem dados
206;CHACARRA ASSAY;;;;;;;;;;;;;;;;Sem dados
207;CHARACA PLANALTO;;;;;;;;;;;;;;;;Sem dados
208;CHARARA NOVA BOA VISTA;;;;;;;;;;;;;;;;Sem dados
209;CHCARA NOVA BOA VISTA;;;;;;;;;;;;;;;;Sem dados
210;COLEGIO ADVENTISTA CAMPINEIRO;0.9166666666666666;;;;;;;;;;;0.9166666666666666;;;;Sem dados
211;CONDOMINIO CHACARA GROTA AZUL;;;;;;;;;;;;;;;;Sem dados
212;CONDOMINIO RESIDENCIAL VILA FLORA;;;;;;;;;;;;;;;;Sem dados
213;CONDOMINIO RESIDENCIAL VILLA FLORA;;;;;;;;;;;;;;;;Sem dados
214;CONDOMINO JARDIM DE MONACO;;;;;;;;;;;;;;;;Sem dados
215;ESTRELA;;;;;;;;;;;;;;;;Sem dados
216;FIGUEIRAS I;;;;;;;;;;;;;;;;Sem dados
217;FURLAN;0.7368421052631579;;;;;;0.07692307692307693;;;;;0.7368421052631579;0.07692307692307693;;;Sem dados
218;GLEBA 1A2D1C;;;;;;;;;;;;;;;;Sem dados
219;GOLDEN PARK RESIDENCE;;;;;;;;;;;;;;;;Sem dados
220;GOLDEN PARK RESIDENCIAL;;;;;;;;;;;;;;;;Sem dados
221;JAADVENTISTA CAMPINEIRO;;;;;;;;;;;;;;;;Sem dados
222;JADIM AMNADA 1;;;;;;;;;;;;;;;;Sem dados
223;JADIM DAS FIGUEIRAS;;;;;;;;;;;;;;;;Sem dados
224;JADIM NOVO ANGULO;;;;;;;;;;;;;;;;Sem dados
225;JADIM NOVO ESTRELA;;;;;;;;;;;;;;;;Sem dados
226;JAEDIM AUXILIADORA;;;;;;;;;;;;;;;;Sem dados
227;JANDIM SANTA AMELIA;;;;;;;;;;;;;;;;Sem dados
228;JANTA AMELIA;;;;;;;;;;;;;;;;Sem dados
229;JARADIM BOA ESPERANCA;;;;;;;;;;;;;;;;Sem dados
230;JARD8IM SAO JORGE;;;;;;;;;;;;;;;;Sem dados
231;JARDDIM AMANDA;;;;;;;;;;;;;;;;Sem dados
232;JARDI AMANDA;;;;;;;;;;;;;;;;Sem dados
233;JARDI CAMPOS VEDES;;;;;;;;;;;;;;;;Sem dados
234;JARDI ESTEFANIA;;;;;;;;;;;;;;;;Sem dados
235;JARDI MIRANTE DE SUMARE;;;;;;;;;;;;;;;;Sem dados
236;JARDI SANTO ANDRE;;;;;;;;;;;;;;;;Sem dados
237;JARDIIM AMANDA;;;;;;;;;;;;;;;;Sem dados
238;JARDIM;;;;;;;;;;;;;;;;Sem dados
239;JARDIM ADELIDE;;;;;;;;;;;;;;;;Sem dados
240;JARDIM ADVENTISTA;;;;;;;;;;;;;;;;Sem dados
241;JARDIM ADVENTISTA CAMPINEIRO;;;;;;;;;;;;;;;;Sem dados
242;JARDIM AMADA;;;;;;;;;;;;;;;;Sem dados
243;JARDIM AMANA;;;;;;;;;;;;;;;;Sem dados
244;JARDIM AMANAD I;;;;;;;;;;;;;;;;Sem dados
245;JARDIM AMANADA I;;;;;;;;;;;;;;;;Sem dados
246;JARDIM AMANADA II;;;;;;;;;;;;;;;;Sem dados
247;JARDIM AMAND;;;;;;;;;;;;;;;;Sem dados
248;JARDIM AMANDA 01;;;;;;;;;;;;;;;;Sem dados
249;JARDIM AMANDA 02;;;;;;;;;;;;;;;;Sem dados
250;JARDIM AMANDA1;;;;;;;;;;;;;;;;Sem dados
251;JARDIM AMANDA2;;;;;;;;;;;;;;;;Sem dados
252;JARDIM AMNAD I;;;;;;;;;;;;;;;;Sem dados
253;JARDIM AMNADA;;;;;;;;;;;;;;;;Sem dados
254;JARDIM AMNADA I;0.2;;;;;;;;;;;0.2;;;;Sem dados
255;JARDIM AMNADA II;;;;;;;;;;;;;;;;Sem dados
256;JARDIM AMNDA I;;;;;;;;;;;;;;;;Sem dados
257;JARDIM AMNDA II;;;;;;;;;;;;;;;;Sem dados
258;JARDIM AMPOS VERDE;;;;;;;;;;;;;;;;Sem dados
259;JARDIM AUXILADORA;;;;;;;;;;;;;;;;Sem dados
260;JARDIM AUXLIADORA;;;;;;;;;;;;;;;;Sem dados
261;JARDIM BELA VISTA;0.9090909090909091;;;;;;0.0;;;;;0.9090909090909091;0.0;;;Sem dados
262;JARDIM BELLAVILLE;;;;;;;;;;;;;;;;Sem dados
263;JARDIM BOA ESERANCA;;;;;;;;;;;;;;;;Sem dados
264;JARDIM BOA ESPERAANCA;;;;;;;;;;;;;;;;Sem dados
265;JARDIM BOA ESPERACA;;;;;;;;;;;;;;;;Sem dados
266;JARDIM BOA ESPERANA;0.9;;0.0;;;;0.1;0.0;;;;0.45;0.05;;;Sem dados
267;JARDIM BOA ESPERANCA II;;;;;;;;;;;;;;;;Sem dados
268;JARDIM BOA ESPERENCA;;;;;;;;;;;;;;;;Sem dados
269;JARDIM BOA ESPERNCA;;;;;;;;;;;;;;;;Sem dados
270;JARDIM BOA ESPRENCA;;;;;;;;;;;;;;;;Sem dados
271;JARDIM CAMOPS VERDES;;;;;;;;;;;;;;;;Sem dados
272;JARDIM CAMPOS VERDE;0.75;;;;;;;;;;;0.75;;;;Sem dados
273;JARDIM CAMPOS VRDES;;;;;;;;;;;;;;;;Sem dados
274;JARDIM CARME CRISTINA;;;;;;;;;;;;;;;;Sem dados
275;JARDIM CARMEM;;;;;;;;;;;;;;;;Sem dados
276;JARDIM CARMEM CRSITINA;;;;;;;;;;;;;;;;Sem dados
277;JARDIM CARMER CRISTINA;1.0;;;;;;;;;;;1.0;;;;Sem dados
278;JARDIM COINCEICAO;;;;;;;;;;;;;;;;Sem dados
279;JARDIM COLINAS;;;;;;;;;;;;;;;;Sem dados
280;JARDIM DA COLINAS;;;;;;;;;;;;;;;;Sem dados
281;JARDIM DA FIGUEIRA 2;;;;;;;;;;;;;;;;Sem dados
282;JARDIM DA FIGUEIRAS 2;;;;;;;;;;;;;;;;Sem dados
283;JARDIM DA FIGUEIRAS II;;;;;;;;;;;;;;;;Sem dados
284;JARDIM DA LARANJEIRAS;;;;;;;;;;;;;;;;Sem dados
285;JARDIM DAAS FIGUEIRAS;;;;;;;;;;;;;;;;Sem dados
286;JARDIM DAS FIGUERAS II;;;;;;;;;;;;;;;;Sem dados
287;JARDIM DAS FIGUIERAS II;;;;;;;;;;;;;;;;Sem dados
288;JARDIM DAS FIQUEIRAS II;;;;;;;;;;;;;;;;Sem dados
289;JARDIM DAS LARANEJIRAS;;;;;;;;;;;;;;;;Sem dados
290;JARDIM DE MONACO;;;;;;;;;;;;;;;;Sem dados
291;JARDIM DO BRAS;1.0;;0.0;;;;0.0;;;;;0.5;0.0;;;Sem dados
292;JARDIM DO LADO;;;;;;;;;;;;;;;;Sem dados
293;JARDIM DO LIRIO;;;;;;;;;;;;;;;;Sem dados
294;JARDIM DO MALTA;;;;;;;;;;;;;;;;Sem dados
295;JARDIM ESTAFANIA;;;;;;;;;;;;;;;;Sem dados
296;JARDIM ESTRELA 2;;;;;;;;;;;;;;;;Sem dados
297;JARDIM ESTRELA II;;;;;;;;;;;;;;;;Sem dados
298;JARDIM EVERESTE;;;;;;;;;;;;;;;;Sem dados
299;JARDIM EVERESTI;;;;;;;;;;;;;;;;Sem dados
300;JARDIM EVERST;;;;;;;;;;;;;;;;Sem dados
301;JARDIM FIGUEIRA;;;;;;;;;;;;;;;;Sem dados
302;JARDIM FIGUEIRA 1;;;;;;;;;;;;;;;;Sem dados
303;JARDIM FIGUEIRA 2;;;;;;;;;;;;;;;;Sem dados
304;JARDIM FIGUEIRA I;;;;;;;;;;;;;;;;Sem dados
305;JARDIM FIGUEIRA II;;;;;;;;;;;;;;;;Sem dados
306;JARDIM FIGUEIRAS 1;0.6363636363636364;;;;;;;;;;;0.6363636363636364;;;;Sem dados
307;JARDIM FIGUEIRAS 2;;;;;;;;;;;;;;;;Sem dados
308;JARDIM FIGUEIRAS I;0.7;;;;;;;;;;;0.7;;;;Sem dados
309;JARDIM FIGUEIRAS II;;;;;;;;;;;;;;;;Sem dados
310;JARDIM FIRENZE II;;;;;;;;;;;;;;;;Sem dados
311;JARDIM FLAMBOYANT;;;;;;;;;;;;;;;;Sem dados
312;JARDIM FLORIDA;;;;;;;;;;;;;;;;Sem dados
313;JARDIM GHIRLDELLI;;;;;;;;;;;;;;;;Sem dados
314;JARDIM GIRASOL;;;;;;;;;;;;;;;;Sem dados
315;JARDIM GOLDEN PARK RESIDENCE;0.3;;;;;;;;;;;0.3;;;;Sem dados
316;JARDIM GREEN PARK RESIDENCE;;;;;;;;;;;;;;;;Sem dados
317;JARDIM IMINDA;;;;;;;;;;;;;;;;Sem dados
318;JARDIM INERLAGOS;;;;;;;;;;;;;;;;Sem dados
319;JARDIM INTERLADOS;;;;;;;;;;;;;;;;Sem dados
320;JARDIM IPE;;;;;;;;;;;;;;;;Sem dados
321;JARDIM LAJANJEIRAS;;;;;;;;;;;;;;;;Sem dados
322;JARDIM LARANJEIRA;;;;;;;;;;;;;;;;Sem dados
323;JARDIM LARNAJEIRAS;;;;;;;;;;;;;;;;Sem dados
324;JARDIM LIRIO;0.45454545454545453;;;;;;0.1;;;;;0.45454545454545453;0.1;;;Sem dados
325;JARDIM LUZIA;;;;;;;;;;;;;;;;Sem dados
326;JARDIM MALT A;;;;;;;;;;;;;;;;Sem dados
327;JARDIM MANDA 2;;;;;;;;;;;;;;;;Sem dados
328;JARDIM MARIA DE LOURDES;;;;;;;;;;;;;;;;Sem dados
329;JARDIM MIDA;;;;;;;;;;;;;;;;Sem dados
330;JARDIM MIRANTE SUMARE;0.46153846153846156;;;;;;0.3;;;;;0.46153846153846156;0.3;;;Sem dados
331;JARDIM MSANTA CLARA DO LAGO;;;;;;;;;;;;;;;;Sem dados
332;JARDIM NIOVA AMERICA;;;;;;;;;;;;;;;;Sem dados
333;JARDIM NIOVA HORTOLANDIA;;;;;;;;;;;;;;;;Sem dados
334;JARDIM NOA EUROPA;;;;;;;;;;;;;;;;Sem dados
335;JARDIM NONA EUROPA;;;;;;;;;;;;;;;;Sem dados
336;JARDIM NONO ANGULO;;;;;;;;;;;;;;;;Sem dados
337;JARDIM NOSSA AUXILIADORA;0.47368421052631576;;;;;;0.18181818181818182;;;;;0.47368421052631576;0.18181818181818182;;;Sem dados
338;JARDIM NOSSA DA PENHA;;;;;;;;;;;;;;;;Sem dados
339;JARDIM NOSSA DE FATIMA;;;;;;;;;;;;;;;;Sem dados
340;JARDIM NOSSA SANHORA DE FATIMA;;;;;;;;;;;;;;;;Sem dados
341;JARDIM NOSSA SENHOR AUXILIADORA;;;;;;;;;;;;;;;;Sem dados
342;JARDIM NOSSA SENHORA AUXIADORA;;;;;;;;;;;;;;;;Sem dados
343;JARDIM NOSSA SENHORA AUXIDORA;;;;;;;;;;;;;;;;Sem dados
344;JARDIM NOSSA SENHORA AUXILIADORAA;;;;;;;;;;;;;;;;Sem dados
345;JARDIM NOSSA SENHORA AUXILIHADORA;;;;;;;;;;;;;;;;Sem dados
346;JARDIM NOSSA SENHORA AUXILILIADORA;;;;;;;;;;;;;;;;Sem dados
347;JARDIM NOSSA SENHORA AUXLIADORA;;;;;;;;;;;;;;;;Sem dados
348;JARDIM NOSSA SENHORA DA FATIMA;;;;;;;;;;;;;;;;Sem dados
349;JARDIM NOSSA SENHORA DE CASSIA;;;;;;;;;;;;;;;;Sem dados
350;JARDIM NOSSA SENHORA FATIMA;;;;;;;;;;;;;;;;Sem dados
351;JARDIM NOSSA SENHORAS DE LOURDES;;;;;;;;;;;;;;;;Sem dados
352;JARDIM NOV EUROPA;;;;;;;;;;;;;;;;Sem dados
353;JARDIM NOV0 HORIZONTE;;;;;;;;;;;;;;;;Sem dados
354;JARDIM NOVA AMAERICA;;;;;;;;;;;;;;;;Sem dados
355;JARDIM NOVA AMERIA;;;;;;;;;;;;;;;;Sem dados
356;JARDIM NOVA BOA VISTA;;;;;;;;;;;;;;;;Sem dados
357;JARDIM NOVA ESTELA;;;;;;;;;;;;;;;;Sem dados
358;JARDIM NOVA ESTRELA II;0.5454545454545454;;;;;;0.125;;;;;0.5454545454545454;0.125;;;Sem dados
359;JARDIM NOVA EUROP A;;;;;;;;;;;;;;;;Sem dados
360;JARDIM NOVA EUROUPA;;;;;;;;;;;;;;;;Sem dados
361;JARDIM NOVA EURPOPA;;;;;;;;;;;;;;;;Sem dados
362;JARDIM NOVA H;;;;;;;;;;;;;;;;Sem dados
363;JARDIM NOVA HOORTOLANDIA;;;;;;;;;;;;;;;;Sem dados
364;JARDIM NOVA HORIZONTE;;;;;;;;;;;;;;;;Sem dados
365;JARDIM NOVA HORTOLANIDIA;;;;;;;;;;;;;;;;Sem dados
366;JARDIM NOVA HORTOLNDIA;;;;;;;;;;;;;;;;Sem dados
367;JARDIM NOVA HORTOLNDIA I;;;;;;;;;;;;;;;;Sem dados
368;JARDIM NOVA NOVA HORTOLANDIA;;;;;;;;;;;;;;;;Sem dados
369;JARDIM NOVAA HORTOLANDIA;;;;;;;;;;;;;;;;Sem dados
370;JARDIM NOVO AANGULO;;;;;;;;;;;;;;;;Sem dados
371;JARDIM NOVO ANFULO;;;;;;;;;;;;;;;;Sem dados
372;JARDIM NOVO ANGILO;;;;;;;;;;;;;;;;Sem dados
373;JARDIM NOVO ANGLO;;;;;;;;;;;;;;;;Sem dados
374;JARDIM NOVO E;;;;;;;;;;;;;;;;Sem dados
375;JARDIM NOVO ESTRELA 2;;;;;;;;;;;;;;;;Sem dados
376;JARDIM NOVO ESTRELA I;;;;;;;;;;;;;;;;Sem dados
377;JARDIM NOVO ESTRELA III;;;;;;;;;;;;;;;;Sem dados
378;JARDIM NOVO ESYTRELA II;;;;;;;;;;;;;;;;Sem dados
379;JARDIM NOVO EUROPA;;;;;;;;;;;;;;;;Sem dados
380;JARDIM NOVO HORTOLANDIA;;;;;;;;;;;;;;;;Sem dados
381;JARDIM PAINEIRAS;;;;;;;;;;;;;;;;Sem dados
382;JARDIM PAULISTINHA;0.5833333333333334;;;;;;;;;;;0.5833333333333334;;;;Sem dados
383;JARDIM PRI;;;;;;;;;;;;;;;;Sem dados
384;JARDIM PRIMAVERS;;;;;;;;;;;;;;;;Sem dados
385;JARDIM PRIMAVIRA;;;;;;;;;;;;;;;;Sem dados
386;JARDIM RECANTO DO SOL;;;;;;;;;;;;;;;;Sem dados
387;JARDIM RES;;;;;;;;;;;;;;;;Sem dados
388;JARDIM RESIDENCIAL BURITI;0.7692307692307693;;;;;;;;;;;0.7692307692307693;;;;Sem dados
389;JARDIM RESIDENCIAL FORENZE;;;;;;;;;;;;;;;;Sem dados
390;JARDIM RESIDENCIAL JOAO LUIZ;;;;;;;;;;;;;;;;Sem dados
391;JARDIM RESIDENCIAL VECCON;;;;;;;;;;;;;;;;Sem dados
392;JARDIM SANATA ESMERALDA;;;;;;;;;;;;;;;;Sem dados
393;JARDIM SANT ACLARA DO LAGO;;;;;;;;;;;;;;;;Sem dados
394;JARDIM SANT CLARA DO LAGO I;;;;;;;;;;;;;;;;Sem dados
395;JARDIM SANTA;;;;;;;;;;;;;;;;Sem dados
396;JARDIM SANTA ANDRE;;;;;;;;;;;;;;;;Sem dados
397;JARDIM SANTA CLAR DO LAGO;;;;;;;;;;;;;;;;Sem dados
398;JARDIM SANTA CLARA 2;;;;;;;;;;;;;;;;Sem dados
399;JARDIM SANTA CLARA DO ALGO;;;;;;;;;;;;;;;;Sem dados
400;JARDIM SANTA CLARA DO LADO CONTINUACAO;;;;;;;;;;;;;;;;Sem dados
401;JARDIM SANTA CLARA DO LAGO 1;;;;;;;;;;;;;;;;Sem dados
402;JARDIM SANTA CLARA DO LAGO 2;0.7142857142857143;;;;;;;;;;;0.7142857142857143;;;;Sem dados
403;JARDIM SANTA CLARA DO LAGO CONT;;;;;;;;;;;;;;;;Sem dados
404;JARDIM SANTA CLARA DO LAGO CONTINUACAO;0.4166666666666667;;;;;;;;;;;0.4166666666666667;;;;Sem dados
405;JARDIM SANTA CLARA DO LAGP;;;;;;;;;;;;;;;;Sem dados
406;JARDIM SANTA CLARA II;;;;;;;;;;;;;;;;Sem dados
407;JARDIM SANTA CLARAO LAGO I;;;;;;;;;;;;;;;;Sem dados
408;JARDIM SANTA CLRA;;;;;;;;;;;;;;;;Sem dados
409;JARDIM SANTA CLRA DO LAGO;;;;;;;;;;;;;;;;Sem dados
410;JARDIM SANTA DOS PINHEIROS;;;;;;;;;;;;;;;;Sem dados
411;JARDIM SANTA ESMERALDO;;;;;;;;;;;;;;;;Sem dados
412;JARDIM SANTA ISABEL;;;;;;;;;;;;;;;;Sem dados
413;JARDIM SANTA LUIZA;;;;;;;;;;;;;;;;Sem dados
414;JARDIM SANTA LUIZIA;;;;;;;;;;;;;;;;Sem dados
415;JARDIM SANTA RITA;0.8181818181818182;;;;;;;;;;;0.8181818181818182;;;;Sem dados
416;JARDIM SANTA RITA CASSIA;;;;;;;;;;;;;;;;Sem dados
417;JARDIM SANTA RITA DO PINHEIROS;;;;;;;;;;;;;;;;Sem dados
418;JARDIM SANTA RITA DOS PINHEIROS;;;;;;;;;;;;;;;;Sem dados
419;JARDIM SANTANA AMELIA;;;;;;;;;;;;;;;;Sem dados
420;JARDIM SANTNA;;;;;;;;;;;;;;;;Sem dados
421;JARDIM SAO;;;;;;;;;;;;;;;;Sem dados
422;JARDIM SAO BENTO II;;;;;;;;;;;;;;;;Sem dados
423;JARDIM SAO FRANCISCO;;;;;;;;;;;;;;;;Sem dados
424;JARDIM SAO JORJE;;;;;;;;;;;;;;;;Sem dados
425;JARDIM SAO JOSE;;;;;;;;;;;;;;;;Sem dados
426;JARDIM SAO MIGUEL;;;;;;;;;;;;;;;;Sem dados
427;JARDIM SAO RICARDO;;;;;;;;;;;;;;;;Sem dados
428;JARDIM SAO SABASTIAO;;;;;;;;;;;;;;;;Sem dados
429;JARDIM SAO SEBASTIO;;;;;;;;;;;;;;;;Sem dados
430;JARDIM SAO SEBATIAO;;;;;;;;;;;;;;;;Sem dados
431;JARDIM SAO SEBESTIAO;;;;;;;;;;;;;;;;Sem dados
432;JARDIM SAO SEBSTIAO;;;;;;;;;;;;;;;;Sem dados
433;JARDIM SAO SORGE;;;;;;;;;;;;;;;;Sem dados
434;JARDIM SASO BENTO;;;;;;;;;;;;;;;;Sem dados
435;JARDIM SNATA AMELIA;;;;;;;;;;;;;;;;Sem dados
436;JARDIM SNATA CLARA DO LAGO;;;;;;;;;;;;;;;;Sem dados
437;JARDIM SNATA FE;;;;;;;;;;;;;;;;Sem dados
438;JARDIM SO CAMILO;;;;;;;;;;;;;;;;Sem dados
439;JARDIM STEFANIA;;;;;;;;;;;;;;;;Sem dados
440;JARDIM SUAMREZINHO;;;;;;;;;;;;;;;;Sem dados
441;JARDIM SUMARESINHO;;;;;;;;;;;;;;;;Sem dados
442;JARDIM TERRA DE SANTO ANTONIO;;;;;;;;;;;;;;;;Sem dados
443;JARDIM TERRAS SANTO ANTONIO;;;;;;;;;;;;;;;;Sem dados
444;JARDIM VALLAGIO GHIRALDELLI;;;;;;;;;;;;;;;;Sem dados
445;JARDIM VIAGEM;0.35714285714285715;;;;;;0.15384615384615385;;;;;0.35714285714285715;0.15384615384615385;;;Sem dados
446;JARDIM VILA DA CONQUISTA;;;;;;;;;;;;;;;;Sem dados
447;JARDIM VILA REAL;;;;;;;;;;;;;;;;Sem dados
448;JARDIM VILA VERDE;0.7857142857142857;;;;;;;;;;;0.7857142857142857;;;;Sem dados
449;JARDIM VILAGIO GHIRALDELLI;0.5454545454545454;;;;;;0.0;;;;;0.5454545454545454;0.0;;;Sem dados
450;JARDIM VILLAGIO;;;;;;;;;;;;;;;;Sem dados
451;JARDIM VILLAGIO GHIRALDELI;;;;;;;;;;;;;;;;Sem dados
452;JARDIMA AMANDA I;;;;;;;;;;;;;;;;Sem dados
453;JARDIMBOA ESPERANCA;;;;;;;;;;;;;;;;Sem dados
454;JARDIN NOVO ANGULO;;;;;;;;;;;;;;;;Sem dados
455;JARDM CAMPOS VERDES;;;;;;;;;;;;;;;;Sem dados
456;JARDM NOSSA SENHORA AUXILIADORA;;;;;;;;;;;;;;;;Sem dados
457;JARDM SANTA FE;;;;;;;;;;;;;;;;Sem dados
458;JARDM SANTA RITA DE CASSIA;;;;;;;;;;;;;;;;Sem dados
459;JARDM SAO BENTO;;;;;;;;;;;;;;;;Sem dados
460;JARDOM NOSSA SENHORA AUXILIADORA;;;;;;;;;;;;;;;;Sem dados
461;JARIDIM FIRENZE;;;;;;;;;;;;;;;;Sem dados
462;JARIDM AMANDA;;;;;;;;;;;;;;;;Sem dados
463;JARIDM BOA ESPERANCA;;;;;;;;;;;;;;;;Sem dados
464;JARIDM MINDA;;;;;;;;;;;;;;;;Sem dados
465;JARIDM NOVA EUROPA;;;;;;;;;;;;;;;;Sem dados
466;JARIM AMANDA I;;;;;;;;;;;;;;;;Sem dados
467;JARIM NOSSA SENHORA AUXILIADORA;;;;;;;;;;;;;;;;Sem dados
468;JARIM NOVA EUROPA;;;;;;;;;;;;;;;;Sem dados
469;JARIM NOVA HORTOLANDIA;;;;;;;;;;;;;;;;Sem dados
470;JARIM NOVO ANGULO;;;;;;;;;;;;;;;;Sem dados
471;JARSIM NOVA EUROPA;;;;;;;;;;;;;;;;Sem dados
472;JD ALINE;;;;;;;;;;;;;;;;Sem dados
473;JD AMANDA 1;;;;;;;;;;;;;;;;Sem dados
474;JD AMANDA 2;;;;;;;;;;;;;;;;Sem dados
475;JD AMANDA II;;;;;;;;;;;;;;;;Sem dados
476;JD AUXILIADORA;;;;;;;;;;;;;;;;Sem dados
477;JD BRASIL;;;;;;;;;;;;;;;;Sem dados
478;JD DO LAGO;;;;;;;;;;;;;;;;Sem dados
479;JD GIRASSOL;;;;;;;;;;;;;;;;Sem dados
480;JD INTERLAGOS;;;;;;;;;;;;;;;;Sem dados
481;JD MALTA;;;;;;;;;;;;;;;;Sem dados
482;JD MINDA;;;;;;;;;;;;;;;;Sem dados
483;JD MIRANTE DE SUMARE;;;;;;;;;;;;;;;;Sem dados
484;JD MONTE SINAI;;;;;;;;;;;;;;;;Sem dados
485;JD NOSSA SENHORA DE FATIMA;;;;;;;;;;;;;;;;Sem dados
486;JD NOVA AMERICA;0.6923076923076923;;;;;;;;;;;0.6923076923076923;;;;Sem dados
487;JD NOVA EUROPA;;;;;;;;;;;;;;;;Sem dados
488;JD NOVO ANGULO;0.6;;;;;;0.0;;;;;0.6;0.0;;;Sem dados
489;JD NOVO HORIZONTE;0.7;;;;;;;;;;;0.7;;;;Sem dados
490;JD PRIMAVERA;;;;;;;;;;;;;;;;Sem dados
491;JD S RITA DE CASSIA;;;;;;;;;;;;;;;;Sem dados
492;JD SANTA EMILIA;;;;;;;;;;;;;;;;Sem dados
493;JD SAO BENTO;;;;;;;;;;;;;;;;Sem dados
494;JD VILA VERDE;;;;;;;;;;;;;;;;Sem dados
495;JOAO LUIZ;;;;;;;;;;;;;;;;Sem dados
496;JRADIM DO LAGO;;;;;;;;;;;;;;;;Sem dados
497;JRDIM ADELAIDE;;;;;;;;;;;;;;;;Sem dados
498;JRDIM INTERLAGOS;;;;;;;;;;;;;;;;Sem dados
499;JRDIM MIRANTE DE SUMARE;;;;;;;;;;;;;;;;Sem dados
500;JRDIM MONTE SINAI;;;;;;;;;;;;;;;;Sem dados
501;JRDIM NOSSA SENHORA AUXILIADORA;;;;;;;;;;;;;;;;Sem dados
502;JRDIM NOVA AMERICA;;;;;;;;;;;;;;;;Sem dados
503;JRDIM NOVA HORTOLANDIA;;;;;;;;;;;;;;;;Sem dados
504;JRDIM SAO SEBASTIAO;;;;;;;;;;;;;;;;Sem dados
505;LOT NOVO ANGULO;0.2727272727272727;;;;;;;;;;;0.2727272727272727;;;;Sem dados
506;LOT REMANSO CAMPINEIRO;;;;;;;;;;;;;;;;Sem dados
507;LOTEAMENTE NOVA ALVORADA;;;;;;;;;;;;;;;;Sem dados
508;LOTEAMENTO D CASA;;;;;;;;;;;;;;;;Sem dados
509;LOTEAMENTO FLAMBOYANT;;;;;;;;;;;;;;;;Sem dados
510;LOTEAMENTO JARDIM NOVO ANGULO;;;;;;;;;;;;;;;;Sem dados
511;LOTEAMENTO JARDIM PRIMAVERA;;;;;;;;;;;;;;;;Sem dados
512;LOTEAMENTO JARDIM VILA VERDE;;;;;;;;;;;;;;;;Sem dados
513;LOTEAMENTO NOVO ALVORADA;;;;;;;;;;;;;;;;Sem dados
514;LOTEAMENTO PRIMAVERA;;;;;;;;;;;;;;;;Sem dados
515;LOTEMENTO ADENTISTA CAMPINEIRO;;;;;;;;;;;;;;;;Sem dados
516;LOTNOVA ALVORADA;;;;;;;;;;;;;;;;Sem dados
517;MARINHO PEREIRA DOS SANTOS;;;;;;;;;;;;;;;;Sem dados
518;MIRANTE DE SUMARE;;;;;;;;;;;;;;;;Sem dados
519;MONTE SINAL;;;;;;;;;;;;;;;;Sem dados
520;MONTEI SINAI;;;;;;;;;;;;;;;;Sem dados
521;MOVA AMERICA;;;;;;;;;;;;;;;;Sem dados
522;NOSSA SENHORA AUXILIADORA;0.4166666666666667;;;;;;;;;;;0.4166666666666667;;;;Sem dados
523;NOSSA SENHORA DE FATIMA;;;;;;;;;;;;;;;;Sem dados
524;NOV ANGULO;;;;;;;;;;;;;;;;Sem dados
525;NOVA ALVORADA;;;;;;;;;;;;;;;;Sem dados
526;NOVA BOA VISTA;;;;;;;;;;;;;;;;Sem dados
527;NOVA ESTRELA;;;;;;;;;;;;;;;;Sem dados
528;NOVA ESTRELA II;;;;;;;;;;;;;;;;Sem dados
529;NOVO CAMBUI;;;;;;;;;;;;;;;;Sem dados
530;NOVO ESTRELA;0.4166666666666667;;;;;;;;;;;0.4166666666666667;;;;Sem dados
531;NOVO HORIZONTE;1.0;;;;;;;;;;;1.0;;;;Sem dados
532;NOVO HORTOLANDIA;;;;;;;;;;;;;;;;Sem dados
533;NUC RES FURLAN;;;;;;;;;;;;;;;;Sem dados
534;NUCLEO RES FURLAN;;;;;;;;;;;;;;;;Sem dados
535;NUCLEO RESIDENCIAL FURLA;;;;;;;;;;;;;;;;Sem dados
536;NUCLEO SANTA ISABEL;0.7142857142857143;;;;;;0.0;;;;;0.7142857142857143;0.0;;;Sem dados
537;NVO ANGULO;;;;;;;;;;;;;;;;Sem dados
538;ORESTE ONGARO;0.6;;;;;;0.09090909090909091;;;;;0.6;0.09090909090909091;;;Sem dados
539;ORESTES ONGARO;0.8181818181818182;;;;;;;;;;;0.8181818181818182;;;;Sem dados
540;PAQUE HORTOLANDIA;;;;;;;;;;;;;;;;Sem dados
541;PAQUE ORTOLANDIA;;;;;;;;;;;;;;;;Sem dados
542;PAQUE PERON;;;;;;;;;;;;;;;;Sem dados
543;PAR;;;;;;;;;;;;;;;;Sem dados
544;PARAISO NOVO ANGULO;;;;;;;;;;;;;;;;Sem dados
545;PARQEU GABRIEL;;;;;;;;;;;;;;;;Sem dados
546;PARQU PERON;;;;;;;;;;;;;;;;Sem dados
547;PARQUE DO;;;;;;;;;;;;;;;;Sem dados
548;PARQUE DO PINHEIROS;;;;;;;;;;;;;;;;Sem dados
549;PARQUE DOS PINEHIROS;;;;;;;;;;;;;;;;Sem dados
550;PARQUE DOS PINHEIRO;;;;;;;;;;;;;;;;Sem dados
551;PARQUE FRANCESCHINI;;;;;;;;;;;;;;;;Sem dados
552;PARQUE GABRIL;;;;;;;;;;;;;;;;Sem dados
553;PARQUE GARIEL;;;;;;;;;;;;;;;;Sem dados
554;PARQUE HORIZONTE;0.9285714285714286;;;;;;;;;;;0.9285714285714286;;;;Sem dados
555;PARQUE HORTLANDIA;;;;;;;;;;;;;;;;Sem dados
556;PARQUE HORTO;;;;;;;;;;;;;;;;Sem dados
557;PARQUE MARI ADE LOURDES;;;;;;;;;;;;;;;;Sem dados
558;PARQUE MARI DE LOURDES;;;;;;;;;;;;;;;;Sem dados
559;PARQUE MARIA DE LURDES;;;;;;;;;;;;;;;;Sem dados
560;PARQUE NOVO HORIZONTE;;;;;;;;;;;;;;;;Sem dados
561;PARQUE O;;;;;;;;;;;;;;;;Sem dados
562;PARQUE OLIVIO FRANCESCHINI;0.5882352941176471;;;;;;0.14285714285714285;;;;;0.5882352941176471;0.14285714285714285;;;Sem dados
563;PARQUE ORESTE ANGORO;;;;;;;;;;;;;;;;Sem dados
564;PARQUE ORESTES ONGRO;;;;;;;;;;;;;;;;Sem dados
565;PARQUE ORTOLANIDA;;;;;;;;;;;;;;;;Sem dados
566;PARQUE PEROM;;;;;;;;;;;;;;;;Sem dados
567;PARQUE PINHEIROS;;;;;;;;;;;;;;;;Sem dados
568;PARQUE RESIDENCIAL MARA DE LOURDES;;;;;;;;;;;;;;;;Sem dados
569;PARQUE RESIDENCIALJOAO LUIZ;;;;;;;;;;;;;;;;Sem dados
570;PARQUE SANTA MARIA;;;;;;;;;;;;;;;;Sem dados
571;PARQUE SAO DOMINGOS;;;;;;;;;;;;;;;;Sem dados
572;PARQUE SAO GABRIEL;;;;;;;;;;;;;;;;Sem dados
573;PARQUE TERRA SANTA MARIA;0.6666666666666666;;;;;;0.14285714285714285;;;;;0.6666666666666666;0.14285714285714285;;;Sem dados
574;PARQUE TERRAS DE SANTA MARI A;;;;;;;;;;;;;;;;Sem dados
575;PARQUE TERRAS DE SNTA MARIA;;;;;;;;;;;;;;;;Sem dados
576;PARQUE TERRAS SANTA MARIA;;;;;;;;;;;;;;;;Sem dados
577;PARQUE TERROS DE SANTA MARIA;;;;;;;;;;;;;;;;Sem dados
578;PARQUE TERRRAS DE SANTA MARIA;;;;;;;;;;;;;;;;Sem dados
579;PARQUE VASCONCELLOS;0.8333333333333334;;;;;;;;;;;0.8333333333333334;;;;Sem dados
580;PARQUE VASCONCELOS;;;;;;;;;;;;;;;;Sem dados
581;PARQUEDOHORTO;;;;;;;;;;;;;;;;Sem dados
582;PERON;;;;;;;;;;;;;;;;Sem dados
583;PQ DO HORTO;;;;;;;;;;;;;;;;Sem dados
584;PQ DOS PINHEIROS;;;;;;;;;;;;;;;;Sem dados
585;PQ GABRIEL;;;;;;;;;;;;;;;;Sem dados
586;PQ ORESTES ONGARO;;;;;;;;;;;;;;;;Sem dados
587;PQ ORTOLANDIA;;;;;;;;;;;;;;;;Sem dados
588;PQ PINHEIROS;;;;;;;;;;;;;;;;Sem dados
589;PQRQUE ORESTES ONGARO;;;;;;;;;;;;;;;;Sem dados
590;R;;;;;;;;;;;;;;;;Sem dados
591;RE;;;;;;;;;;;;;;;;Sem dados
592;RECAANTO DO SOL;;;;;;;;;;;;;;;;Sem dados
593;RECANDO DO SOL;;;;;;;;;;;;;;;;Sem dados
594;RECANTO DA SOL;;;;;;;;;;;;;;;;Sem dados
595;RECREIO ALVORADA;;;;;;;;;;;;;;;;Sem dados
596;RECREIO NOVA ALVORADA;;;;;;;;;;;;;;;;Sem dados
597;REESIDENCIAL VECCON BURITI;;;;;;;;;;;;;;;;Sem dados
598;REMANSO;;;;;;;;;;;;;;;;Sem dados
599;REMANSO CAMPINERO;;;;;;;;;;;;;;;;Sem dados
600;REMASO CAMPINEIRO;;;;;;;;;;;;;;;;Sem dados
601;RES ANAUA;;;;;;;;;;;;;;;;Sem dados
602;RES EUROPA;;;;;;;;;;;;;;;;Sem dados
603;RES FURLAN;;;;;;;;;;;;;;;;Sem dados
604;RES JOAO LUIZ;;;;;;;;;;;;;;;;Sem dados
605;RESIDENCAL RECANTO DO SOL;;;;;;;;;;;;;;;;Sem dados
606;RESIDENCIA JOAO LUIZ;;;;;;;;;;;;;;;;Sem dados
607;RESIDENCIAL BELLA VILLE;0.7647058823529411;;0.0;;;;;;;;;0.38235294117647056;;;;Sem dados
608;RESIDENCIAL BELLAVILLE;0.6428571428571429;;;;;;;;;;;0.6428571428571429;;;;Sem dados
609;RESIDENCIAL FIRENZE;;;;;;;;;;;;;;;;Sem dados
610;RESIDENCIAL JARDIM DE MONACO;;;;;;;;;;;;;;;;Sem dados
611;RESIDENCIAL JARDIM FIRENZE;;;;;;;;;;;;;;;;Sem dados
612;RESIDENCIAL JOAO LUIS;;;;;;;;;;;;;;;;Sem dados
613;RESIDENCIAL MARIA DE LOURDES;0.9047619047619048;;0.0;;;;0.2;0.2727272727272727;;;;0.4523809523809524;0.23636363636363636;;;Sem dados
614;RESIDENCIAL NOVO ESTRELA;;;;;;;;;;;;;;;;Sem dados
615;RESIDENCIAL NUCLEO FURLAN;;;;;;;;;;;;;;;;Sem dados
616;RESIDENCIAL PARQUE NOVO ANGULO;0.9375;;0.0;;;;;;;;;0.46875;;;;Sem dados
617;RESIDENCIAL SAO SEBASTIAO;;;;;;;;;;;;;;;;Sem dados
618;RESIDENCIAL VECCON BURITI;0.5833333333333334;;0.0;;;;0.0;;;;;0.2916666666666667;0.0;;;Sem dados
619;RESIDENCIAL VECON BURITI;0.6;;;;;;;;;;;0.6;;;;Sem dados
620;RESIDENCIAL VILA BURITI;;;;;;;;;;;;;;;;Sem dados
621;RESIDENCIAL VILA FLORA;;;;;;;;;;;;;;;;Sem dados
622;RESIDENCIAU ANAUA;;;;;;;;;;;;;;;;Sem dados
623;RIO MISSISSIPI;;;;;;;;;;;;;;;;Sem dados
624;SANTA AMELIA;;;;;;;;;;;;;;;;Sem dados
625;SANTA CLARA;;;;;;;;;;;;;;;;Sem dados
626;SANTA CLARA DO LAGO;0.47058823529411764;;;;;;0.08333333333333333;;;;;0.47058823529411764;0.08333333333333333;;;Sem dados
627;SANTA CLARA DO LAGO I;;;;;;;;;;;;;;;;Sem dados
628;SANTA CLARA DO LAGO II;;;;;;;;;;;;;;;;Sem dados
629;SANTA FE;0.7272727272727273;;;;;;;;;;;0.7272727272727273;;;;Sem dados
630;SANTA ISABEL;;;;;;;;;;;;;;;;Sem dados
631;SANTO ANDRE;;;;;;;;;;;;;;;;Sem dados
632;SAO BENTO;;;;;;;;;;;;;;;;Sem dados
633;SAO BENTO 1;;;;;;;;;;;;;;;;Sem dados
634;SAO BENTO 2;;;;;;;;;;;;;;;;Sem dados
635;SAO CAMILO;;;;;;;;;;;;;;;;Sem dados
636;SAO JORGE;0.9230769230769231;;;;;;;;;;;0.9230769230769231;;;;Sem dados
637;SAO MIGUEL;;;;;;;;;;;;;;;;Sem dados
638;SAO PEDRO;;;;;;;;;;;;;;;;Sem dados
639;SAO SABASTIAO;;;;;;;;;;;;;;;;Sem dados
640;SELECIONE;;;;;;;;;;;;;;;;Sem dados
641;SITIO SANTA MARIA;;;;;;;;;;;;;;;;Sem dados
642;SUMAREZINHO;0.9411764705882353;;;;;;;;;;;0.9411764705882353;;;;Sem dados
643;TAQUARA BRANCA;0.45454545454545453;;;;;;;;;;;0.45454545454545453;;;;Sem dados
644;TERRA DE SANTA MARIA;;;;;;;;;;;;;;;;Sem dados
645;TERRA PRETA;;;;;;;;;;;;;;;;Sem dados
646;TERRAS DE SANTA DE MARIA;;;;;;;;;;;;;;;;Sem dados
647;TERRAS DE SANTA MARIA;;;;;;;;;;;;;;;;Sem dados
648;TERRAS DE SANTO ANTONIO;;;;;;;;;;;;;;;;Sem dados
649;TERRAS SANTO ANTONIO;;;;;;;;;;;;;;;;Sem dados
650;VIA INEMA;;;;;;;;;;;;;;;;Sem dados
651;VIA REAL;;;;;;;;;;;;;;;;Sem dados
652;VIDA DA CONQUISTA;;;;;;;;;;;;;;;;Sem dados
653;VIL A SAO PEDRO;;;;;;;;;;;;;;;;Sem dados
654;VIL REAL;;;;;;;;;;;;;;;;Sem dados
655;VILA AURORA;;;;;;;;;;;;;;;;Sem dados
656;VILA FLORA;;;;;;;;;;;;;;;;Sem dados
657;VILA ILEMA;;;;;;;;;;;;;;;;Sem dados
658;VILA REA CONTINUACAO;;;;;;;;;;;;;;;;Sem dados
659;VILA REAL CONINUACAO;;;;;;;;;;;;;;;;Sem dados
660;VILA REAL CONTIANUCAO;;;;;;;;;;;;;;;;Sem dados
661;VILA REAL CONTINUAAO;;;;;;;;;;;;;;;;Sem dados
662;VILA REAL CONTINUAO;0.16666666666666666;;;;;;;;;;;0.16666666666666666;;;;Sem dados
663;VILA REALCONTINUACAO;;;;;;;;;;;;;;;;Sem dados
664;VILA REAQL;;;;;;;;;;;;;;;;Sem dados
665;VILA RELA CONITNUACAO;;;;;;;;;;;;;;;;Sem dados
666;VILA SAO FRACISCO;;;;;;;;;;;;;;;;Sem dados
667;VILA SAO FRANCISCO DE ASSIS;;;;;;;;;;;;;;;;Sem dados
668;VILA SAO FRANCSICO;;;;;;;;;;;;;;;;Sem dados
669;VILAGIO GHIRALDELLI;0.11764705882352941;;;;;;0.0;;;;;0.11764705882352941;0.0;;;Sem dados
670;VILAGIO GIRALDELLI;;;;;;;;;;;;;;;;Sem dados
671;VILAREAL;;;;;;;;;;;;;;;;Sem dados
672;VILE REAL CONTINUACAO;;;;;;;;;;;;;;;;Sem dados
673;VILLA FLORA;;;;;;;;;;;;;;;;Sem dados
674;VILSA SAO FRANCISCO;;;;;;;;;;;;;;;;Sem dados
675;VL AMERICA;;;;;;;;;;;;;;;;Sem dados
676;VL DA CONQUISTA;;;;;;;;;;;;;;;;Sem dados
677;VL SAO FRANCISCO;;;;;;;;;;;;;;;;Sem dados
